USUBJID,SYMPTOM_NAME,SYMPTOM_START_DATE,SYMPTOM_END_DATE,SYMPTOM_SEVERITY,SYMPTOM_VALUE,SYMPTOM_UNIT,PARENT_TOXICITY_TYPE,SYMPTOM_CATEGORY,PARENT_AE_SEQUENCE
CART-001,FEVER,2024-03-15,2024-03-18,MODERATE,39.2,CELSIUS,CRS,FEVER,1
CART-001,HYPOTENSION,2024-03-15,2024-03-16,SEVERE,85,MMHG_SYSTOLIC,CRS,HEMODYNAMIC,1
CART-001,TACHYCARDIA,2024-03-15,2024-03-17,MODERATE,120,BPM,CRS,HEMODYNAMIC,1
CART-001,HYPOXIA,2024-03-15,2024-03-16,MODERATE,88,SPO2_PERCENT,CRS,RESPIRATORY,1
CART-002,CONFUSION,2024-04-10,2024-04-14,SEVERE,,,ICANS,COGNITIVE,5
CART-002,DISORIENTATION,2024-04-10,2024-04-13,SEVERE,,,ICANS,COGNITIVE,5
CART-002,TREMOR,2024-04-11,2024-04-13,MODERATE,,,ICANS,MOTOR,5
CART-002,SEIZURE,2024-04-12,2024-04-12,SEVERE,,,ICANS,SEIZURE,5
CART-003,FEVER,2024-05-20,2024-05-23,MILD,38.5,CELSIUS,CRS,FEVER,8
CART-003,NAUSEA,2024-05-20,2024-05-22,MODERATE,,,CRS,CONSTITUTIONAL,8
CART-003,FATIGUE,2024-05-20,2024-05-25,MODERATE,,,CRS,CONSTITUTIONAL,8
CART-004,FEVER,2024-06-12,2024-06-16,SEVERE,40.1,CELSIUS,CRS,FEVER,12
CART-004,HYPOTENSION,2024-06-13,2024-06-15,SEVERE,78,MMHG_SYSTOLIC,CRS,HEMODYNAMIC,12
CART-004,TACHYCARDIA,2024-06-13,2024-06-15,SEVERE,135,BPM,CRS,HEMODYNAMIC,12
CART-004,RESPIRATORY_DISTRESS,2024-06-14,2024-06-16,SEVERE,,,CRS,RESPIRATORY,12
CART-005,APHASIA,2024-07-05,2024-07-10,SEVERE,,,ICANS,COGNITIVE,18
CART-005,MOTOR_WEAKNESS,2024-07-06,2024-07-11,MODERATE,,,ICANS,MOTOR,18
CART-005,SEIZURE,2024-07-07,2024-07-07,SEVERE,,,ICANS,SEIZURE,18
CART-005,ALTERED_CONSCIOUSNESS,2024-07-08,2024-07-10,SEVERE,,,ICANS,CONSCIOUSNESS,18
